matchId,queueId,gameDuration,summonerName,teamId,championName,kills,deaths,assists,kda,totalMinionsKilled,totalDamageTaken,totalDamageDealtToChampions,goldEarned,visionScore,summoner1Id,summoner2Id,firstTowerKill,firstBloodAssist,firstBloodKill,champExperience,doubleKills,tripleKills,quadraKills,pentaKills,win,gameDurationMin,gameStartTime
BR1_3066283114,420,1696,,0,Teemo,6,7,9,2.14,191,23235,35433,11604,12,4,14,False,False,False,15186,1,0,0,0,False,28.3,2025-02-13 21:02:46.908
BR1_3066260304,420,1484,,0,Teemo,6,2,8,7.0,168,13447,20489,10445,13,4,14,False,False,False,15123,0,0,0,0,True,24.7,2025-02-13 19:54:01.545
BR1_3066246152,420,1969,,0,Teemo,5,4,11,4.0,188,21229,24675,13007,23,4,14,False,True,False,16909,0,0,0,0,True,32.8,2025-02-13 19:08:13.973
BR1_3066231574,420,1409,,1,Teemo,0,5,5,1.0,208,20639,16903,8170,10,4,14,False,False,False,12355,0,0,0,0,False,23.5,2025-02-13 18:23:59.796
BR1_3065897622,420,1760,,0,Teemo,3,8,7,1.25,158,23994,28200,9403,15,4,14,False,False,False,12672,0,0,0,0,False,29.3,2025-02-12 18:45:03.944
BR1_3065884946,420,1413,,0,Teemo,2,5,7,1.8,141,19476,16848,8352,14,4,14,False,False,False,9886,0,0,0,0,False,23.6,2025-02-12 18:02:25.324
BR1_3065872860,420,927,,0,Teemo,4,0,3,7.0,136,4477,9382,7247,7,4,14,False,False,False,8498,1,0,0,0,True,15.4,2025-02-12 17:15:00.299
BR1_3065858483,420,1027,,1,Teemo,3,0,2,5.0,129,5364,8011,6795,9,4,14,True,False,False,9576,0,0,0,0,True,17.1,2025-02-12 16:14:04.850
BR1_3065623264,420,1779,,0,Teemo,4,1,14,18.0,220,16718,28321,12581,15,4,14,True,False,False,17558,0,0,0,0,True,29.6,2025-02-11 22:19:39.156
BR1_3065596330,420,1729,,0,Teemo,9,2,13,11.0,204,14979,29246,12713,15,4,14,False,False,False,17317,2,0,0,0,True,28.8,2025-02-11 21:12:20.824
BR1_3065572843,420,1945,,0,Ornn,3,4,24,6.75,190,39444,20045,13445,23,4,12,False,False,False,18458,0,0,0,0,True,32.4,2025-02-11 20:00:49.635
BR1_3065555703,420,2512,,0,Teemo,9,7,21,4.29,281,34354,51180,18845,28,4,14,False,False,True,25379,1,0,0,0,False,41.9,2025-02-11 19:02:16.778
BR1_3065540532,420,1849,,1,Teemo,5,7,5,1.43,180,23571,25407,10581,18,4,14,False,False,False,15198,0,0,0,0,False,30.8,2025-02-11 18:09:56.104
BR1_3065531392,420,960,,1,Teemo,2,0,1,3.0,140,5229,8460,6566,8,4,14,True,False,False,8431,0,0,0,0,True,16.0,2025-02-11 17:37:39.049
BR1_3065288045,420,1039,,1,Nami,0,3,6,2.0,8,8561,4528,4735,28,4,14,False,False,False,4965,0,0,0,0,True,17.3,2025-02-10 22:51:43.450
BR1_3065264570,420,1659,,0,Teemo,3,2,11,7.0,173,15922,18129,9669,20,4,14,False,False,False,14021,0,0,0,0,True,27.6,2025-02-10 22:03:06.693
BR1_3065245563,420,1581,,0,Varus,5,11,3,0.73,159,25969,20614,9015,13,4,6,False,False,False,9926,0,0,0,0,False,26.4,2025-02-10 21:11:09.895
BR1_3065223256,420,1781,,1,Teemo,2,2,5,3.5,229,20784,22746,11119,22,4,14,False,False,False,15168,0,0,0,0,True,29.7,2025-02-10 20:00:29.421
BR1_3065206994,420,1344,,1,Teemo,8,1,10,18.0,178,11589,18113,11374,8,4,6,False,False,True,12651,1,0,0,0,True,22.4,2025-02-10 19:17:55.816
BR1_3065188899,420,1468,,1,Varus,2,6,2,0.67,165,14757,11354,7886,17,4,21,False,False,False,10886,0,0,0,0,False,24.5,2025-02-10 18:16:50.916
BR1_3065177814,420,1451,,1,Teemo,3,1,6,9.0,173,9348,12994,9458,20,4,14,False,False,False,13213,0,0,0,0,True,24.2,2025-02-10 17:31:25.471
BR1_3064959684,420,1442,,0,Teemo,6,4,2,2.0,196,14593,22604,10534,10,4,14,False,False,False,13388,1,0,0,0,False,24.0,2025-02-09 23:40:51.448
BR1_3064931563,420,1722,,1,Teemo,4,4,4,2.0,234,20319,22964,12198,23,4,14,False,False,True,15282,0,0,0,0,False,28.7,2025-02-09 22:48:31.218
BR1_3064903860,420,1105,,1,Malphite,5,0,5,10.0,140,5624,11330,9355,11,4,12,False,False,False,9928,1,0,0,0,True,18.4,2025-02-09 22:01:07.525
BR1_3064874392,420,2099,,0,Teemo,4,5,13,3.4,240,27627,38049,13544,31,4,14,False,False,False,19827,0,0,0,0,True,35.0,2025-02-09 21:00:19.180
BR1_3064482262,420,1890,,1,Teemo,8,7,8,2.29,197,25240,35449,14023,21,4,14,False,False,False,17786,1,1,1,0,True,31.5,2025-02-08 23:29:02.716
BR1_3064452949,420,2116,,1,Quinn,8,10,3,1.1,231,29584,35477,14341,38,4,14,False,False,False,18493,0,0,0,0,False,35.3,2025-02-08 22:33:03.210
BR1_3064426486,420,2519,,0,Teemo,13,3,13,8.67,259,28517,68371,18014,26,4,14,False,False,False,19634,2,0,0,0,False,42.0,2025-02-08 21:32:20.471
BR1_3064388698,420,1635,,0,Teemo,2,5,1,0.6,169,23761,16879,8772,19,4,14,False,False,False,11035,0,0,0,0,False,27.2,2025-02-08 20:13:45.045
BR1_3063599667,420,2498,,0,Teemo,5,4,14,4.75,270,31601,54777,16188,26,4,14,True,False,False,22362,1,0,0,0,False,41.6,2025-02-06 21:30:23.415
BR1_3063582010,420,1910,,1,Teemo,3,4,3,1.5,235,16761,36205,11628,15,4,14,False,False,True,15490,0,0,0,0,False,31.8,2025-02-06 20:42:37.107
BR1_3063559585,420,1115,,1,Teemo,2,0,1,3.0,120,7481,9197,6205,9,4,14,False,False,False,9254,0,0,0,0,True,18.6,2025-02-06 19:38:08.481
BR1_3063535667,420,2155,,0,Leona,1,13,10,0.85,25,34680,8913,8944,105,4,14,False,True,False,12697,0,0,0,0,False,35.9,2025-02-06 18:23:20.625
BR1_3063228107,420,1742,,0,Teemo,1,6,7,1.33,154,20039,18618,10261,31,4,14,False,False,False,12784,0,0,0,0,True,29.0,2025-02-05 21:35:46.079
BR1_3063208232,420,1623,,0,Teemo,3,4,7,2.5,169,15961,24239,9977,15,4,14,False,False,False,14678,0,0,0,0,True,27.0,2025-02-05 20:45:40.422
BR1_3063187280,420,2175,,0,Ornn,2,6,18,3.33,179,59055,31382,11066,20,4,12,False,False,False,15990,0,0,0,0,False,36.2,2025-02-05 19:46:05.361
BR1_3063175264,420,848,,1,Ornn,1,0,3,4.0,102,5284,5983,5139,11,4,12,False,False,False,7213,0,0,0,0,True,14.1,2025-02-05 19:11:04.920
BR1_3063152845,420,1840,,0,Teemo,5,1,7,12.0,213,14204,33318,12146,26,4,14,True,False,False,14560,1,0,0,0,False,30.7,2025-02-05 18:03:07.947
BR1_3063139015,420,1737,,1,Teemo,4,4,6,2.5,207,18429,27662,11827,17,4,14,False,False,False,16165,0,0,0,0,True,29.0,2025-02-05 17:10:47.680
BR1_3063114092,420,2157,,1,Teemo,8,3,9,5.67,198,30842,51247,12922,26,4,14,False,False,False,17567,1,0,0,0,False,36.0,2025-02-05 15:37:26.252
BR1_3063001747,420,1867,Arthur Lanches,1,Teemo,6,4,1,1.75,211,20811,19633,11630,27,4,14,False,False,False,14313,0,0,0,0,False,31.1,2025-02-05 02:26:01.502
BR1_3062857127,420,1656,Arthur Lanches,0,Teemo,5,3,4,3.0,209,17458,22842,11392,17,4,14,False,False,False,14815,0,0,0,0,True,27.6,2025-02-04 22:08:07.830
BR1_3062818625,420,1531,Arthur Lanches,0,Teemo,5,2,8,6.5,187,15953,22214,11787,17,4,14,False,False,False,15031,0,0,0,0,True,25.5,2025-02-04 20:36:02.067
BR1_3062639115,420,1536,Arthur Lanches,1,Teemo,3,1,4,7.0,211,10641,18212,10954,16,4,14,False,False,False,15234,0,0,0,0,True,25.6,2025-02-04 03:26:14.372
BR1_3062624228,420,1000,Arthur Lanches,0,Teemo,1,1,3,4.0,124,6636,4433,6286,8,4,14,False,False,False,8446,0,0,0,0,True,16.7,2025-02-04 02:52:47.376
BR1_3062584708,420,1965,Arthur Lanches,0,Teemo,6,3,9,5.0,227,20242,34260,14657,26,4,14,False,False,False,17206,0,0,0,0,True,32.8,2025-02-04 01:39:24.257
BR1_3062413329,420,1138,Arthur Lanches,1,Karma,1,5,2,0.6,117,13280,5197,5435,12,4,12,False,False,False,7648,0,0,0,0,False,19.0,2025-02-03 20:09:37.391
BR1_3062393084,420,2084,Arthur Lanches,1,Teemo,2,3,10,4.0,242,28797,34302,13118,22,4,14,False,False,False,18200,0,0,0,0,True,34.7,2025-02-03 19:06:02.889
BR1_3062377573,420,1896,Arthur Lanches,0,Ornn,6,6,22,4.67,181,43666,31233,12496,17,4,12,False,False,False,18743,0,0,0,0,True,31.6,2025-02-03 18:22:34.140
BR1_3062367129,420,1905,Arthur Lanches,1,Teemo,3,2,10,6.5,279,18004,27444,13390,19,4,6,False,False,False,17267,0,0,0,0,False,31.8,2025-02-03 17:39:59.319
BR1_3061563123,420,1596,Arthur Lanches,1,Teemo,5,2,6,5.5,197,15994,23148,10800,20,4,14,False,True,False,14528,0,0,0,0,True,26.6,2025-02-01 22:27:22.369
BR1_3061540144,420,1633,Arthur Lanches,1,Gnar,1,3,6,2.33,199,18025,18295,9290,20,4,12,False,False,False,13385,0,0,0,0,False,27.2,2025-02-01 21:45:13.669
BR1_3061514815,420,1559,Arthur Lanches,1,Ornn,5,2,8,6.5,157,36103,18961,10508,15,4,12,False,False,False,12068,0,0,0,0,False,26.0,2025-02-01 21:00:38.634
BR1_3061495467,420,1156,Arthur Lanches,1,Teemo,4,3,0,1.33,148,10904,12311,7660,8,4,14,False,False,False,9624,0,0,0,0,False,19.3,2025-02-01 20:20:59.232
BR1_3061033158,420,1419,Arthur Lanches,0,Kennen,1,2,1,1.0,159,14128,15835,7970,10,4,12,False,False,False,11097,0,0,0,0,True,23.6,2025-01-31 21:21:33.840
BR1_3060996426,420,1292,Arthur Lanches,0,Teemo,7,0,7,14.0,159,6813,16882,10168,12,4,14,True,False,False,12597,1,0,0,0,True,21.5,2025-01-31 19:51:40.205
BR1_3060979247,420,1198,Arthur Lanches,0,Teemo,4,1,2,6.0,136,7979,10070,7926,11,4,14,True,False,False,9063,1,0,0,0,True,20.0,2025-01-31 19:08:27.461
BR1_3060962320,420,1169,Arthur Lanches,1,Ornn,2,2,5,3.5,162,18154,12511,8011,8,4,12,False,False,False,11860,0,0,0,0,True,19.5,2025-01-31 18:22:51.300
BR1_3060944650,420,1496,Arthur Lanches,0,Teemo,6,1,7,13.0,143,10708,14531,9792,5,4,14,True,False,False,11551,1,0,0,0,True,24.9,2025-01-31 17:31:42.848
BR1_3060816676,420,1447,Arthur Lanches,0,Teemo,2,4,10,3.0,161,14535,17184,10213,18,4,14,False,False,False,12838,0,0,0,0,True,24.1,2025-01-31 03:53:15.143
BR1_3060786271,420,1869,Arthur Lanches,1,Teemo,5,2,10,7.5,205,21817,24786,11039,23,4,14,False,False,False,15709,0,0,0,0,True,31.2,2025-01-31 02:39:48.777
BR1_3060754935,420,1717,Arthur Lanches,1,Kennen,3,7,6,1.29,170,27543,18750,10032,13,4,12,False,False,False,11912,0,0,0,0,False,28.6,2025-01-31 01:48:37.148
BR1_3060726033,420,1889,Arthur Lanches,0,Teemo,5,4,7,3.0,220,17077,23127,12057,28,4,14,False,False,False,15621,1,0,0,0,False,31.5,2025-01-31 00:59:37.182
BR1_3060704272,420,987,Arthur Lanches,0,JarvanIV,1,4,9,2.5,11,17973,7366,5881,14,4,11,False,False,False,5992,0,0,0,0,True,16.4,2025-01-31 00:28:09.685
BR1_3060604694,420,2233,Arthur Lanches,0,Teemo,4,5,9,2.6,247,23468,45025,14197,21,4,14,False,False,False,20394,1,0,0,0,True,37.2,2025-01-30 21:45:49.152
BR1_3060585474,420,1595,Arthur Lanches,0,Teemo,10,6,9,3.17,164,18833,26502,11989,11,4,14,False,False,True,15190,1,0,0,0,True,26.6,2025-01-30 21:03:07.963
BR1_3060566851,420,1662,Arthur Lanches,0,Teemo,3,5,6,1.8,194,21266,20938,10178,19,4,14,False,False,False,13422,1,0,0,0,False,27.7,2025-01-30 20:26:40.596
BR1_3060540139,420,1753,Arthur Lanches,0,Teemo,6,3,15,7.0,162,16186,30876,11710,18,4,14,True,False,False,15332,0,0,0,0,True,29.2,2025-01-30 19:08:14.819
BR1_3060522819,420,965,Arthur Lanches,0,Teemo,4,0,3,7.0,144,3361,13519,7394,9,4,14,True,False,False,8997,0,0,0,0,True,16.1,2025-01-30 18:31:54.899
BR1_3060352004,420,1693,Arthur Lanches,1,Kennen,13,4,8,5.25,166,19343,31445,13911,18,4,12,False,False,True,16570,2,0,0,0,True,28.2,2025-01-30 02:52:36.094
BR1_3060317869,420,1805,Arthur Lanches,1,Orianna,12,5,10,4.4,186,22961,27443,13777,19,4,12,False,False,True,15051,1,0,0,0,False,30.1,2025-01-30 01:59:43.183
BR1_3060295347,420,1092,Arthur Lanches,0,Teemo,7,1,6,13.0,114,9253,14227,7879,9,4,14,False,False,False,8319,2,0,0,0,True,18.2,2025-01-30 01:22:50.861
BR1_3060267961,420,913,Arthur Lanches,1,Teemo,2,0,1,3.0,126,4454,6979,5770,9,4,14,False,False,False,8054,0,0,0,0,True,15.2,2025-01-30 00:45:35.684
BR1_3060179423,420,2216,Arthur Lanches,1,Teemo,5,4,14,4.75,259,25339,42750,14763,21,4,14,False,True,False,20254,0,0,0,0,True,36.9,2025-01-29 22:32:23.253
BR1_3060148347,420,1477,Arthur Lanches,1,Teemo,6,2,2,4.0,197,9359,14282,10338,11,4,14,False,False,False,14339,0,0,0,0,True,24.6,2025-01-29 21:35:35.901
BR1_3059836280,420,1580,Arthur Lanches,0,Teemo,5,3,6,3.67,166,16104,24043,9998,13,4,14,False,False,False,13176,0,0,0,0,False,26.3,2025-01-29 01:19:19.717
BR1_3059744703,420,1654,Arthur Lanches,1,Teemo,3,4,1,1.0,190,21393,25100,9440,19,4,14,False,False,False,11856,0,0,0,0,False,27.6,2025-01-28 23:10:49.596
BR1_3059702361,420,2224,Arthur Lanches,1,Teemo,4,6,4,1.33,221,31134,56732,12131,20,4,14,False,False,False,15438,0,0,0,0,False,37.1,2025-01-28 22:04:32.376
BR1_3059670987,420,2047,Arthur Lanches,1,Teemo,12,4,10,5.5,238,21413,37691,16136,22,4,14,True,False,False,19544,1,0,0,0,True,34.1,2025-01-28 21:09:11.101
BR1_3059670987,420,2047,Arthur Lanches,1,Teemo,12,4,10,5.5,238,21413,37691,16136,22,4,14,True,False,False,19544,1,0,0,0,True,34.1,2025-01-28 21:09:11.101
BR1_3059651766,420,1626,Arthur Lanches,1,Kennen,10,4,3,3.25,180,23302,31315,13035,12,4,12,False,False,False,14013,1,0,0,0,False,27.1,2025-01-28 20:27:32.296
BR1_3059626611,420,2077,Arthur Lanches,1,Teemo,8,3,8,5.33,247,16329,30031,14770,18,4,14,False,False,False,17468,1,0,0,0,True,34.6,2025-01-28 19:21:56.751
BR1_3059608627,420,1314,Arthur Lanches,1,Teemo,5,5,10,3.0,25,14613,13903,7764,51,4,14,False,False,False,8033,0,0,0,0,False,21.9,2025-01-28 18:39:08.361
BR1_3059594159,420,1650,Arthur Lanches,0,Teemo,5,2,13,9.0,198,13784,23533,12751,11,4,14,True,False,False,18627,0,0,0,0,True,27.5,2025-01-28 17:53:22.628
BR1_3059577386,420,967,Arthur Lanches,1,Kennen,1,3,1,0.67,129,9135,8864,5686,6,4,12,False,False,False,8214,0,0,0,0,False,16.1,2025-01-28 17:10:14.302
BR1_3059336142,420,1575,Arthur Lanches,0,Ornn,2,4,6,2.0,157,29715,19669,8685,12,4,12,False,False,False,13201,0,0,0,0,False,26.2,2025-01-28 00:36:13.436
BR1_3059292800,420,1825,Arthur Lanches,0,Teemo,11,7,7,2.57,166,25495,40593,13660,27,4,14,False,False,False,15397,1,1,0,0,True,30.4,2025-01-27 23:39:31.231
BR1_3059272321,420,1238,Arthur Lanches,1,Ornn,2,3,4,2.0,157,17595,9542,7391,10,4,12,False,False,False,10829,0,0,0,0,False,20.6,2025-01-27 23:08:36.621
BR1_3059238707,420,1951,Arthur Lanches,0,Teemo,11,6,13,4.0,236,28602,39129,16857,26,4,14,False,False,False,21125,3,0,0,0,True,32.5,2025-01-27 22:16:36.594
BR1_3059205756,420,1583,Arthur Lanches,1,Teemo,7,1,7,14.0,178,15856,20948,11988,19,4,14,False,False,True,17350,0,0,0,0,True,26.4,2025-01-27 21:19:50.234
BR1_3059190533,420,1181,Arthur Lanches,1,Teemo,3,2,1,2.0,160,12122,11322,7420,11,4,14,False,False,False,10341,0,0,0,0,False,19.7,2025-01-27 20:46:10.926
BR1_3059162692,420,2371,Arthur Lanches,1,Teemo,8,3,18,8.67,217,24437,48377,14619,39,4,14,False,False,True,20256,1,0,0,0,True,39.5,2025-01-27 19:42:26.828
BR1_3058979132,420,3628,Arthur Lanches,0,Teemo,14,8,22,4.5,395,65187,99908,25737,36,4,14,False,True,False,37470,1,0,0,0,False,60.5,2025-01-27 03:39:46.028
BR1_3058888762,420,1324,Arthur Lanches,0,Ornn,3,3,9,4.0,138,25240,17445,8717,9,4,12,False,False,False,12050,0,0,0,0,True,22.1,2025-01-27 01:03:19.942
BR1_3058863055,420,1498,Arthur Lanches,0,Teemo,8,4,7,3.75,209,14147,24046,11887,12,4,14,False,False,False,16037,3,0,0,0,True,25.0,2025-01-27 00:25:33.632
BR1_3058828553,420,1481,Arthur Lanches,1,Teemo,6,1,7,13.0,193,14018,21115,10947,15,4,14,False,False,False,15887,0,0,0,0,True,24.7,2025-01-26 23:38:56.170
BR1_3058801673,420,1512,Arthur Lanches,1,Teemo,1,1,2,3.0,204,16383,16360,9010,16,4,14,False,False,False,12919,0,0,0,0,False,25.2,2025-01-26 22:57:15.454
BR1_3058763337,420,2672,Arthur Lanches,0,Teemo,10,6,14,4.0,276,29587,45143,18145,22,4,14,False,False,False,23851,1,0,0,0,True,44.5,2025-01-26 21:59:49.892
BR1_3058738966,420,1031,Arthur Lanches,1,Teemo,1,2,2,1.5,114,7837,6757,5471,9,4,14,False,False,False,7777,0,0,0,0,True,17.2,2025-01-26 21:28:10.370
BR1_3058253648,420,1138,Arthur Lanches,1,Teemo,2,5,3,1.0,138,12302,11254,6354,8,4,14,False,False,False,9203,0,0,0,0,False,19.0,2025-01-26 00:05:13.430
BR1_3058225146,420,1769,Arthur Lanches,1,Varus,5,8,7,1.5,201,25095,25545,12711,13,4,6,False,False,False,17008,1,0,0,0,True,29.5,2025-01-25 23:15:14.048
BR1_3058198500,420,1552,Arthur Lanches,1,Teemo,9,3,7,5.33,203,12934,35978,11875,17,4,14,False,False,False,15786,1,0,0,0,True,25.9,2025-01-25 22:32:37.937
BR1_3058180275,420,1298,Arthur Lanches,0,Teemo,9,0,5,14.0,173,11789,23655,10683,13,4,14,True,False,False,13445,0,0,0,0,True,21.6,2025-01-25 21:59:24.340
BR1_3058148175,420,2291,Arthur Lanches,0,Teemo,12,6,11,3.83,252,33628,46584,18597,20,4,14,False,False,False,22854,2,1,0,0,True,38.2,2025-01-25 21:04:29.510
BR1_3058090352,420,1369,Arthur Lanches,0,Teemo,6,2,8,7.0,169,8623,22521,9632,32,4,14,False,False,False,12336,0,0,0,0,True,22.8,2025-01-25 19:26:30.505
BR1_3057074474,420,2035,Arthur Lanches,1,Teemo,11,3,20,10.33,223,31385,39111,17025,26,4,14,False,False,False,22743,1,0,0,0,True,33.9,2025-01-23 22:00:59.608
BR1_3057024071,420,1912,Arthur Lanches,0,Teemo,1,3,9,3.33,222,24804,29172,12837,23,4,14,True,False,False,16679,0,0,0,0,True,31.9,2025-01-23 20:35:38.123
BR1_3056999563,420,1518,Arthur Lanches,1,Teemo,6,1,6,12.0,211,11857,23485,12323,10,4,14,False,False,True,15215,0,0,0,0,True,25.3,2025-01-23 19:50:17.703
BR1_3056990424,420,1562,Arthur Lanches,0,Teemo,2,2,3,2.5,221,16755,28710,10112,13,4,14,False,False,False,12291,0,0,0,0,False,26.0,2025-01-23 19:14:05.320
BR1_3056974803,420,1683,Arthur Lanches,0,Teemo,2,9,6,0.89,184,25255,26191,8969,23,4,14,False,False,False,12513,0,0,0,0,False,28.0,2025-01-23 18:30:48.006
BR1_3056966278,420,912,Arthur Lanches,0,Teemo,1,3,1,0.67,117,8017,10457,5251,14,4,14,False,False,False,7207,0,0,0,0,False,15.2,2025-01-23 17:58:13.584
BR1_3056950629,420,1525,Arthur Lanches,0,Teemo,9,1,7,16.0,176,18915,19692,12732,16,4,14,True,False,False,14574,1,0,0,0,True,25.4,2025-01-23 17:12:11.521
BR1_3056813334,420,1543,Arthur Lanches,1,Teemo,7,2,7,7.0,202,11850,27668,11607,14,4,14,False,False,True,15642,0,0,0,0,True,25.7,2025-01-23 02:40:19.858
BR1_3056679867,420,2450,Arthur Lanches,1,Teemo,9,1,16,25.0,311,24677,54124,19446,19,4,14,False,False,False,24901,1,0,0,0,True,40.8,2025-01-22 22:30:52.895
BR1_3056669509,420,867,Arthur Lanches,1,Teemo,4,0,0,4.0,128,3064,7883,6423,7,4,14,False,False,False,8942,0,0,0,0,True,14.4,2025-01-22 22:07:16.808
BR1_3056643808,420,1463,Arthur Lanches,1,Teemo,1,2,4,2.5,205,16298,20093,9070,18,4,14,False,False,False,12127,0,0,0,0,False,24.4,2025-01-22 21:07:01.042
BR1_3056629754,420,1428,Arthur Lanches,0,Ornn,3,2,11,7.0,148,27214,21521,8766,11,4,12,False,False,False,12195,1,0,0,0,True,23.8,2025-01-22 20:30:27.398
BR1_3056619430,420,1355,Arthur Lanches,1,Teemo,1,3,5,2.0,193,13358,14637,10164,13,4,14,False,False,False,11745,0,0,0,0,True,22.6,2025-01-22 19:55:27.077
BR1_3056603069,420,2567,Arthur Lanches,0,Teemo,11,7,15,3.71,236,40020,72595,16268,24,4,14,False,False,False,19587,1,0,0,0,True,42.8,2025-01-22 19:06:18.786
BR1_3056587555,420,1956,Arthur Lanches,0,Ornn,4,5,8,2.4,203,47015,25207,13098,23,4,12,False,False,False,16238,0,0,0,0,False,32.6,2025-01-22 18:18:17.615
BR1_3056572498,420,2020,Arthur Lanches,1,Teemo,8,3,2,3.33,269,24869,31513,14952,19,4,14,True,False,False,17781,0,0,0,0,False,33.7,2025-01-22 17:28:23.085
BR1_3056562248,420,1495,Arthur Lanches,0,Teemo,5,1,4,9.0,211,8146,18757,10403,11,4,14,False,False,True,15172,0,0,0,0,True,24.9,2025-01-22 16:55:10.471
BR1_3056297349,420,2591,Arthur Lanches,0,Teemo,10,5,8,3.6,284,38386,61402,18922,41,4,14,False,False,False,24697,1,1,0,0,False,43.2,2025-01-21 22:34:50.771
BR1_3056274825,420,2016,Arthur Lanches,0,Teemo,9,5,11,4.0,262,23275,40662,15212,13,6,14,False,True,False,21800,0,0,0,0,True,33.6,2025-01-21 21:48:44.140
BR1_3056258604,420,1680,Arthur Lanches,1,Teemo,7,5,2,1.8,221,16425,26102,12782,20,4,14,False,False,False,15005,1,0,0,0,False,28.0,2025-01-21 21:08:13.383
BR1_3056244802,420,1415,Arthur Lanches,1,Teemo,4,3,5,3.0,162,11618,13476,9497,13,4,14,False,False,True,13455,0,0,0,0,True,23.6,2025-01-21 20:30:02.195
BR1_3056233795,420,912,Arthur Lanches,1,Teemo,2,0,0,2.0,136,5678,9693,6297,6,4,14,False,False,False,8758,0,0,0,0,True,15.2,2025-01-21 20:01:36.744
BR1_3055908330,420,1876,Arthur Lanches,1,Teemo,7,7,4,1.57,234,24133,33781,13063,21,4,14,False,False,False,15303,0,0,0,0,False,31.3,2025-01-20 22:36:35.982
BR1_3055878998,420,1976,Arthur Lanches,1,Teemo,14,1,6,20.0,207,31881,48151,14818,21,4,14,False,False,False,18328,2,1,0,0,True,32.9,2025-01-20 21:40:27.551
BR1_3055864758,420,1306,Arthur Lanches,0,Teemo,4,3,3,2.33,165,12278,16411,8417,11,4,14,False,False,False,10451,0,0,0,0,False,21.8,2025-01-20 21:05:20.604
BR1_3055849402,420,1652,Arthur Lanches,0,Teemo,6,0,11,17.0,205,17631,22736,13248,17,4,14,False,False,False,16815,0,0,0,0,True,27.5,2025-01-20 20:25:28.237
BR1_3055834533,420,1805,Arthur Lanches,0,Teemo,8,4,12,5.0,203,24958,31497,13945,24,4,6,False,False,False,18096,0,0,0,0,True,30.1,2025-01-20 19:46:21.644
BR1_3055816675,420,2088,Arthur Lanches,1,Teemo,5,8,9,1.75,233,31799,27650,13794,28,4,14,False,False,False,17595,0,0,0,0,True,34.8,2025-01-20 18:58:24.487
BR1_3055806056,420,1513,Arthur Lanches,1,Teemo,2,6,1,0.5,185,17601,13693,9981,13,4,14,False,False,False,11661,0,0,0,0,False,25.2,2025-01-20 18:23:16.194
BR1_3055788872,420,1762,Arthur Lanches,0,Teemo,5,2,5,5.0,200,20285,24833,12694,14,4,14,False,False,True,16297,1,0,0,0,True,29.4,2025-01-20 17:36:42.675
BR1_3055664487,420,3140,Arthur Lanches,0,Malphite,7,11,19,2.36,267,83843,42637,17248,29,4,12,False,False,False,23438,0,0,0,0,False,52.3,2025-01-20 03:24:19.133
BR1_3055592300,420,1465,Arthur Lanches,0,Teemo,5,5,3,1.6,185,18946,22222,9545,16,4,14,False,False,False,12604,0,0,0,0,False,24.4,2025-01-20 00:56:02.782
BR1_3055568140,420,1702,Arthur Lanches,1,Teemo,6,0,5,11.0,208,14474,21350,12545,25,4,14,False,False,False,16145,1,0,0,0,True,28.4,2025-01-20 00:14:14.104
BR1_3055539939,420,1747,Arthur Lanches,1,Teemo,10,1,10,20.0,240,23795,42348,15345,24,4,14,True,False,False,18643,0,0,0,0,True,29.1,2025-01-19 23:27:11.172
BR1_3055520156,420,1789,Arthur Lanches,0,Teemo,9,11,11,1.82,205,36441,32884,12897,11,4,14,False,False,True,15251,1,0,0,0,False,29.8,2025-01-19 22:48:19.820
BR1_3054597829,420,2140,Arthur Lanches,0,Teemo,18,7,10,4.0,217,34253,49968,16329,21,4,14,False,False,True,19708,1,0,0,0,False,35.7,2025-01-17 23:50:23.770
BR1_3054577295,420,1646,Arthur Lanches,1,Teemo,2,0,6,8.0,217,8220,21935,10314,14,4,14,False,False,False,14429,0,0,0,0,True,27.4,2025-01-17 23:06:58.632
BR1_3054559515,420,1579,Arthur Lanches,1,Teemo,9,6,4,2.17,172,18760,24351,11637,16,4,14,False,False,False,14724,0,0,0,0,False,26.3,2025-01-17 22:29:50.365
BR1_3054542605,420,1155,Arthur Lanches,1,Teemo,4,1,4,8.0,172,6633,10834,9289,10,4,14,True,False,False,11195,0,0,0,0,True,19.2,2025-01-17 21:58:10.894
BR1_3054525353,420,1744,Arthur Lanches,0,Teemo,6,6,8,2.33,220,24844,30191,11362,16,6,14,False,False,False,14841,1,0,0,0,False,29.1,2025-01-17 21:16:21.643
BR1_3054507991,420,1570,Arthur Lanches,0,Teemo,2,3,3,1.67,200,16004,18343,9213,14,4,14,False,False,False,13934,0,0,0,0,False,26.2,2025-01-17 20:36:56.877
BR1_3054495883,420,1501,Arthur Lanches,0,Teemo,5,1,5,10.0,215,11449,28613,10733,14,4,14,False,False,False,13508,0,0,0,0,False,25.0,2025-01-17 20:04:56.902
BR1_3054476300,420,2105,Arthur Lanches,0,Teemo,7,4,5,3.0,255,19508,26034,16656,26,4,14,False,False,False,20749,0,0,0,0,True,35.1,2025-01-17 19:06:11.012
BR1_3053925806,420,1779,Arthur Lanches,1,Teemo,7,2,5,6.0,222,16367,22988,14362,23,4,6,True,False,False,17474,1,1,0,0,True,29.6,2025-01-16 05:05:25.590
BR1_3053918853,420,1151,Arthur Lanches,0,Teemo,4,2,3,3.5,155,7329,12779,8942,22,4,14,True,False,False,10701,0,0,0,0,True,19.2,2025-01-16 04:29:03.610
BR1_3053908851,420,1700,Arthur Lanches,0,Teemo,4,5,3,1.4,186,25348,29165,9384,15,4,14,False,False,False,12395,0,0,0,0,False,28.3,2025-01-16 03:47:04.606
BR1_3053895020,420,1109,Arthur Lanches,0,Teemo,4,0,1,5.0,170,6498,11529,8172,9,4,14,False,False,False,10635,0,0,0,0,True,18.5,2025-01-16 03:05:40.230
BR1_3053790675,420,1291,Arthur Lanches,1,Teemo,2,1,4,6.0,203,8862,15557,9519,12,4,14,True,False,False,13011,0,0,0,0,True,21.5,2025-01-16 00:03:27.071
BR1_3053761654,420,2090,Arthur Lanches,1,Teemo,2,4,8,2.5,261,23646,44422,13846,19,4,14,False,False,False,18411,0,0,0,0,True,34.8,2025-01-15 23:13:39.685
BR1_3053736868,420,1148,Arthur Lanches,0,Teemo,6,0,3,9.0,173,9871,13963,9577,10,4,14,False,False,False,11664,0,0,0,0,True,19.1,2025-01-15 22:24:18.427
BR1_3053725006,420,954,Arthur Lanches,1,Teemo,6,1,1,7.0,126,6087,10281,7204,7,4,14,False,False,False,9387,0,0,0,0,True,15.9,2025-01-15 21:57:43.201
BR1_3053693997,420,2666,Arthur Lanches,1,Teemo,10,2,6,8.0,348,25441,75024,21026,48,4,14,True,False,False,23194,1,0,0,0,False,44.4,2025-01-15 20:54:22.094
BR1_3053673573,420,1753,Arthur Lanches,0,Teemo,8,4,1,2.25,209,20701,26706,11899,13,6,14,False,False,False,15429,1,0,0,0,False,29.2,2025-01-15 20:00:43.894
BR1_3053654578,420,1957,Arthur Lanches,1,Teemo,9,8,9,2.25,200,33283,44702,13305,24,6,14,False,False,False,19209,0,0,0,0,True,32.6,2025-01-15 19:11:17.499
BR1_3053642585,420,1140,Arthur Lanches,1,Teemo,0,4,0,0.0,130,8366,6983,5435,10,4,14,False,False,False,7637,0,0,0,0,False,19.0,2025-01-15 18:36:04.670
BR1_3053317757,420,1085,Arthur Lanches,1,Ornn,4,2,3,3.5,107,24409,10427,6238,8,4,12,False,False,False,8347,0,0,0,0,True,18.1,2025-01-14 22:20:59.378
BR1_3053292453,420,1853,Arthur Lanches,0,Teemo,10,2,13,11.5,200,30897,45422,15622,12,6,14,True,False,False,18604,1,0,0,0,True,30.9,2025-01-14 21:34:19.535
BR1_3053281359,420,942,Arthur Lanches,1,TahmKench,3,3,0,1.0,71,17573,8532,5000,6,6,12,False,False,False,6241,0,0,0,0,False,15.7,2025-01-14 21:09:50.474
BR1_3053265587,420,1329,Arthur Lanches,0,Teemo,5,0,2,7.0,210,8020,16717,9630,20,4,14,False,False,False,12503,1,0,0,0,True,22.2,2025-01-14 20:36:30.355
BR1_3053250596,420,967,Arthur Lanches,0,Ornn,1,1,3,4.0,131,12595,9014,6755,11,4,12,True,False,False,9140,0,0,0,0,True,16.1,2025-01-14 19:55:39.186
BR1_3053237075,420,1644,Arthur Lanches,1,Teemo,8,4,7,3.75,180,15118,20712,12888,20,4,14,False,False,True,16689,0,0,0,0,True,27.4,2025-01-14 19:17:19.331
BR1_3053214870,420,2017,Arthur Lanches,1,Teemo,13,3,3,5.33,254,21593,38053,17433,27,4,14,True,False,False,22606,0,0,0,0,True,33.6,2025-01-14 18:24:52.782
BR1_3052916242,420,1781,Arthur Lanches,1,Teemo,3,4,6,2.25,228,24063,23380,10488,18,4,14,False,False,False,16214,0,0,0,0,False,29.7,2025-01-13 22:55:46.584
BR1_3052886233,420,1537,Arthur Lanches,1,Teemo,5,2,5,5.0,215,12024,18009,11486,12,4,14,False,False,False,15760,1,0,0,0,True,25.6,2025-01-13 22:01:33.027
BR1_3052864002,420,1744,Arthur Lanches,0,Teemo,6,6,6,2.0,168,21654,36173,10145,20,4,14,False,False,False,13086,0,0,0,0,False,29.1,2025-01-13 21:14:55.648
BR1_3052842531,420,1764,Arthur Lanches,0,Teemo,7,3,6,4.33,220,18284,31879,13163,23,4,14,False,False,False,15570,0,0,0,0,False,29.4,2025-01-13 20:28:19.567
BR1_3052824116,420,1957,Arthur Lanches,1,Teemo,11,4,12,5.75,234,20798,32809,15997,29,4,14,False,False,False,18284,2,0,0,0,True,32.6,2025-01-13 19:35:26.880
BR1_3052804759,420,1829,Arthur Lanches,0,Teemo,8,3,6,4.67,226,18076,30463,14729,22,4,14,False,False,False,19745,0,0,0,0,True,30.5,2025-01-13 18:46:31.226
BR1_3052784959,420,2038,Arthur Lanches,1,Teemo,4,5,17,4.2,241,25609,33274,14301,22,4,14,False,False,False,19815,0,0,0,0,True,34.0,2025-01-13 17:53:01.904
BR1_3052488596,420,1708,Arthur Lanches,0,Teemo,9,4,12,5.25,200,20069,31111,13172,23,6,14,False,False,False,17052,2,2,0,0,True,28.5,2025-01-12 22:51:50.257
BR1_3052469984,420,1373,Arthur Lanches,0,Teemo,3,2,2,2.5,212,9148,15802,9155,13,4,14,False,False,False,11872,0,0,0,0,False,22.9,2025-01-12 22:22:22.607
BR1_3052442112,420,2057,Arthur Lanches,1,Teemo,14,3,7,7.0,287,22467,43956,17659,20,4,14,False,True,False,25440,0,0,0,0,True,34.3,2025-01-12 21:37:10.430
BR1_3052420645,420,1579,Arthur Lanches,1,Teemo,6,5,9,3.0,157,16487,22295,10154,23,4,12,False,False,False,13296,0,0,0,0,True,26.3,2025-01-12 21:02:29.877
BR1_3052397072,420,1583,Arthur Lanches,1,Teemo,5,4,8,3.25,207,22895,36066,11882,17,4,14,False,False,False,14205,0,0,0,0,False,26.4,2025-01-12 20:21:44.053
BR1_3052373382,420,1106,Arthur Lanches,0,Teemo,5,1,8,13.0,148,6484,14760,9107,9,4,14,True,False,False,10420,0,0,0,0,True,18.4,2025-01-12 19:49:18.778
BR1_3052344653,420,1929,Arthur Lanches,0,Teemo,11,2,7,9.0,204,19873,41973,15981,27,4,14,True,False,True,20305,0,0,0,0,True,32.2,2025-01-12 19:01:40.291
BR1_3052323054,420,1571,Arthur Lanches,1,Teemo,5,1,8,13.0,192,10490,15504,10536,16,4,6,False,False,False,14889,1,0,0,0,True,26.2,2025-01-12 18:20:54.870
BR1_3052153226,420,2501,Arthur Lanches,0,Teemo,11,4,9,5.0,259,37737,49798,17951,38,6,14,False,False,False,22975,0,0,0,0,True,41.7,2025-01-12 05:31:00.411
BR1_3051945581,420,1756,Arthur Lanches,0,Teemo,5,2,7,6.0,26,22819,18003,12554,26,6,11,False,False,False,16644,1,0,0,0,True,29.3,2025-01-11 22:32:24.201
BR1_3051913913,420,3008,Arthur Lanches,0,Teemo,15,2,23,19.0,304,34888,84304,22542,36,4,14,False,False,False,30835,3,1,0,0,True,50.1,2025-01-11 21:33:10.241
BR1_3051893789,420,1636,Arthur Lanches,1,Teemo,8,2,7,7.5,184,16515,36938,11736,19,4,14,False,False,False,16358,0,0,0,0,True,27.3,2025-01-11 20:55:50.294
BR1_3051872532,420,1973,Arthur Lanches,0,Skarner,5,5,19,4.8,16,53462,26555,13246,27,4,11,False,True,False,17053,0,0,0,0,True,32.9,2025-01-11 20:13:39.958
BR1_3051859333,420,559,Arthur Lanches,0,Ornn,0,2,1,0.5,61,5872,3939,2803,3,4,12,False,False,False,3969,0,0,0,0,False,9.3,2025-01-11 19:50:54.462
BR1_3051844495,420,1191,Arthur Lanches,1,Varus,6,6,1,1.17,122,12740,11871,7616,13,4,6,False,False,False,8776,1,0,0,0,False,19.8,2025-01-11 19:20:39.812
BR1_3051822285,420,1466,Arthur Lanches,0,Teemo,6,1,8,14.0,177,14024,25426,10877,12,6,14,False,True,False,15009,0,0,0,0,True,24.4,2025-01-11 18:37:44.549
BR1_3051797255,420,1981,Arthur Lanches,0,Teemo,6,4,10,4.0,215,24199,34269,13018,17,6,14,False,False,False,18441,0,0,0,0,True,33.0,2025-01-11 17:46:29.784
BR1_3051779388,420,1682,Arthur Lanches,0,Teemo,10,1,5,15.0,188,14782,33376,13839,23,6,14,True,False,False,17082,1,0,0,0,True,28.0,2025-01-11 17:11:56.086
BR1_3050961183,420,1650,Arthur Lanches,0,Teemo,7,6,3,1.67,178,20529,23113,10357,13,4,14,False,False,False,13193,1,0,0,0,False,27.5,2025-01-09 22:09:44.762
BR1_3050940560,420,1551,Arthur Lanches,1,Teemo,5,2,5,5.0,187,11845,23188,10834,22,4,14,False,False,False,14232,1,0,0,0,True,25.8,2025-01-09 21:37:24.616
BR1_3050920548,420,1897,Arthur Lanches,1,Teemo,9,4,7,4.0,237,15394,33432,13301,23,4,14,False,False,False,17014,1,0,0,0,True,31.6,2025-01-09 20:58:20.963
BR1_3050898865,420,1553,Arthur Lanches,1,Teemo,6,4,5,2.75,167,15254,21791,9593,16,4,14,False,False,False,12525,0,0,0,0,False,25.9,2025-01-09 20:17:42.180
BR1_3050873147,420,2424,Arthur Lanches,0,Varus,12,6,4,2.67,264,26288,33484,16322,44,4,6,False,False,False,20557,2,0,0,0,True,40.4,2025-01-09 19:09:52.210
BR1_3050851549,420,2260,Arthur Lanches,0,Teemo,7,3,9,5.33,296,28374,45476,17029,29,4,14,False,False,False,21456,0,0,0,0,False,37.7,2025-01-09 18:24:13.714
BR1_3050840161,420,956,Arthur Lanches,1,Teemo,5,0,3,8.0,131,6645,8414,7484,7,4,14,False,False,True,9000,0,0,0,0,True,15.9,2025-01-09 17:54:49.063
BR1_3050822136,420,2021,Arthur Lanches,1,Teemo,6,6,5,1.83,255,19227,37192,15005,25,4,14,False,False,False,19600,1,0,0,0,True,33.7,2025-01-09 17:08:26.430
